{
  "version": 1,
  "author": "Dineth Perera",
  "editor": "wokwi",
  "parts": [
    {
      "type": "wokwi-breadboard",
      "id": "bb1",
      "top": 83,
      "left": -61.6,
      "rotate": 180,
      "attrs": {}
    },
    { "type": "wokwi-breadboard-half", "id": "bb2", "top": 83.4, "left": -390.8, "attrs": {} },
    { "type": "wokwi-breadboard-half", "id": "bb3", "top": 83.4, "left": -717.2, "attrs": {} },
    { "type": "wokwi-esp32-devkit-v1", "id": "esp", "top": -182.86, "left": 336.44, "attrs": {} },
    { "type": "board-ssd1306", "id": "oled1", "top": 156.74, "left": 422.63, "attrs": {} },
    {
      "type": "wokwi-led",
      "id": "led1",
      "top": 120.75,
      "left": 167.51,
      "attrs": { "color": "red", "label": "ALARM" }
    },
    {
      "type": "wokwi-buzzer",
      "id": "bz1",
      "top": 79.99,
      "left": 269.69,
      "attrs": { "volume": "0.1" }
    },
    {
      "type": "wokwi-resistor",
      "id": "r1",
      "top": 167.15,
      "left": 307.2,
      "attrs": { "value": "330" }
    },
    {
      "type": "wokwi-resistor",
      "id": "r2",
      "top": 167.15,
      "left": 192,
      "attrs": { "value": "330" }
    },
    {
      "type": "wokwi-pushbutton",
      "id": "btn1",
      "top": 156.8,
      "left": 70.4,
      "rotate": 270,
      "attrs": { "color": "red", "label": "CANCEL" }
    },
    {
      "type": "wokwi-resistor",
      "id": "r3",
      "top": 224.75,
      "left": 28.8,
      "attrs": { "value": "1000" }
    },
    {
      "type": "wokwi-pushbutton",
      "id": "btn2",
      "top": 156.6,
      "left": -147,
      "rotate": 90,
      "attrs": { "color": "green", "label": "DOWN" }
    },
    {
      "type": "wokwi-pushbutton",
      "id": "btn3",
      "top": 156.6,
      "left": -243,
      "rotate": 90,
      "attrs": { "color": "blue", "label": "OK/MENU" }
    },
    {
      "type": "wokwi-pushbutton",
      "id": "btn4",
      "top": 156.6,
      "left": -339,
      "rotate": 90,
      "attrs": { "color": "yellow", "label": "UP" }
    },
    {
      "type": "wokwi-resistor",
      "id": "r4",
      "top": 224.75,
      "left": -172.8,
      "attrs": { "value": "1000" }
    },
    {
      "type": "wokwi-resistor",
      "id": "r5",
      "top": 224.75,
      "left": -268.8,
      "attrs": { "value": "1000" }
    },
    {
      "type": "wokwi-resistor",
      "id": "r6",
      "top": 224.75,
      "left": -364.8,
      "attrs": { "value": "1000" }
    },
    {
      "type": "wokwi-dht22",
      "id": "dht1",
      "top": -276.75,
      "left": 0.78,
      "attrs": { "temperature": "61", "humidity": "95.5" }
    },
    {
      "type": "wokwi-led",
      "id": "led2",
      "top": 132.38,
      "left": -504.6,
      "attrs": { "color": "red", "flip": "1", "label": "TEMPERATURE WARNING!" }
    },
    {
      "type": "wokwi-led",
      "id": "led3",
      "top": 130.8,
      "left": -591,
      "attrs": { "color": "red", "flip": "1", "label": "HUMIDITY WARNING!" }
    },
    {
      "type": "wokwi-resistor",
      "id": "r7",
      "top": 138.35,
      "left": -566.4,
      "attrs": { "value": "330" }
    },
    {
      "type": "wokwi-resistor",
      "id": "r8",
      "top": 137.14,
      "left": -479.7,
      "attrs": { "value": "330" }
    },
    {
      "type": "wokwi-resistor",
      "id": "r9",
      "top": 138.35,
      "left": -662.4,
      "attrs": { "value": "1000" }
    },
    {
      "type": "wokwi-led",
      "id": "led4",
      "top": 130.8,
      "left": -687,
      "attrs": { "color": "green", "flip": "1", "label": "GOOD LEVELS!" }
    }
  ],
  "connections": [
    [ "esp:TX0", "$serialMonitor:RX", "", [] ],
    [ "esp:RX0", "$serialMonitor:TX", "", [] ],
    [ "esp:GND.1", "bb1:bn.1", "black", [ "h128.66", "v129.86", "h-20" ] ],
    [ "esp:3V3", "bb1:bp.1", "red", [ "v-0.25", "h89.54", "v-0.07", "h19.12" ] ],
    [ "bb1:tp.1", "bb1:bp.1", "red", [ "h0.8", "v-174" ] ],
    [ "bb1:tn.1", "bb1:bn.1", "black", [ "h20", "v-174" ] ],
    [ "bb1:12b.j", "bb1:bn.9", "black", [ "v0" ] ],
    [ "esp:D22", "bb1:10b.j", "blue", [ "h41.39", "v283.26" ] ],
    [ "esp:D21", "bb1:9b.j", "green", [ "h0" ] ],
    [ "bb1:29b.j", "bb1:bn.23", "black", [ "v0" ] ],
    [ "bb1:41b.j", "bb1:bn.33", "black", [ "v0" ] ],
    [ "bb1:22b.j", "esp:D5", "orange", [ "v-79.58", "h104.48", "v-145.42" ] ],
    [ "bb1:34b.j", "esp:D15", "gold", [ "v-89.81", "h207.19", "v-11.36" ] ],
    [ "bb1:51b.j", "esp:D34", "green", [ "v0" ] ],
    [ "bb1:49b.j", "bb1:bn.40", "black", [ "v0" ] ],
    [ "bb1:57t.a", "bb1:tp.46", "red", [ "v0" ] ],
    [ "bb2:bn.25", "bb1:tn.50", "black", [ "v-0.43", "h42.96", "v-10.85" ] ],
    [ "bb1:tp.50", "bb2:bp.25", "red", [ "v7.35", "h-45.49", "v-14.92" ] ],
    [ "bb2:tp.25", "bb1:bp.50", "red", [ "v-0.22", "h41.61", "v9.49" ] ],
    [ "bb1:bn.50", "bb2:tn.25", "black", [ "v-5.32", "h-59.05", "v15.6" ] ],
    [ "bb2:21b.j", "bb2:bp.17", "red", [ "v0" ] ],
    [ "bb2:11b.j", "bb2:bp.9", "red", [ "v0" ] ],
    [ "bb2:9t.a", "bb2:tn.7", "black", [ "v0" ] ],
    [ "bb2:19t.a", "bb2:tn.16", "black", [ "v0" ] ],
    [ "bb2:29t.a", "bb2:tn.24", "black", [ "v0" ] ],
    [ "bb2:27t.a", "esp:D35", "green", [ "v0" ] ],
    [ "bb2:17t.a", "esp:D32", "green", [ "v0" ] ],
    [ "bb2:7t.a", "esp:D33", "green", [ "v0" ] ],
    [ "dht1:VCC", "bb1:bp.47", "red", [ "v0" ] ],
    [ "dht1:GND", "bb1:bn.45", "black", [ "v0" ] ],
    [ "dht1:SDA", "esp:D12", "gray", [ "v0" ] ],
    [ "bb2:1b.j", "bb2:bp.2", "red", [ "v17.12", "h35.78" ] ],
    [ "bb2:bp.1", "bb3:bp.25", "red", [ "v0" ] ],
    [ "bb2:bn.1", "bb3:bn.25", "black", [ "v0" ] ],
    [ "bb2:tp.1", "bb3:tp.25", "red", [ "v0" ] ],
    [ "bb2:tn.1", "bb3:tn.25", "black", [ "v0" ] ],
    [ "bb3:29t.a", "bb3:tn.24", "black", [ "v0" ] ],
    [ "bb3:22t.a", "esp:D27", "gold", [ "v0" ] ],
    [ "bb3:tn.16", "bb3:20t.a", "black", [ "v0" ] ],
    [ "bb3:13t.a", "esp:D26", "gold", [ "v0" ] ],
    [ "led1:A", "bb1:40b.g", "", [ "$bb" ] ],
    [ "led1:C", "bb1:41b.g", "", [ "$bb" ] ],
    [ "bz1:1", "bb1:29b.g", "", [ "$bb" ] ],
    [ "bz1:2", "bb1:28b.g", "", [ "$bb" ] ],
    [ "r1:1", "bb1:28b.f", "", [ "$bb" ] ],
    [ "r1:2", "bb1:22b.f", "", [ "$bb" ] ],
    [ "r2:1", "bb1:40b.f", "", [ "$bb" ] ],
    [ "r2:2", "bb1:34b.f", "", [ "$bb" ] ],
    [ "btn1:1.l", "bb1:51t.c", "", [ "$bb" ] ],
    [ "btn1:2.l", "bb1:49t.c", "", [ "$bb" ] ],
    [ "btn1:1.r", "bb1:51b.h", "", [ "$bb" ] ],
    [ "btn1:2.r", "bb1:49b.h", "", [ "$bb" ] ],
    [ "r3:1", "bb1:57t.b", "", [ "$bb" ] ],
    [ "r3:2", "bb1:51t.b", "", [ "$bb" ] ],
    [ "btn2:1.l", "bb2:29t.c", "", [ "$bb" ] ],
    [ "btn2:2.l", "bb2:27t.c", "", [ "$bb" ] ],
    [ "btn2:1.r", "bb2:29b.h", "", [ "$bb" ] ],
    [ "btn2:2.r", "bb2:27b.h", "", [ "$bb" ] ],
    [ "btn3:1.l", "bb2:19t.c", "", [ "$bb" ] ],
    [ "btn3:2.l", "bb2:17t.c", "", [ "$bb" ] ],
    [ "btn3:1.r", "bb2:19b.h", "", [ "$bb" ] ],
    [ "btn3:2.r", "bb2:17b.h", "", [ "$bb" ] ],
    [ "btn4:1.l", "bb2:9t.c", "", [ "$bb" ] ],
    [ "btn4:2.l", "bb2:7t.c", "", [ "$bb" ] ],
    [ "btn4:1.r", "bb2:9b.h", "", [ "$bb" ] ],
    [ "btn4:2.r", "bb2:7b.h", "", [ "$bb" ] ],
    [ "r4:1", "bb2:21b.i", "", [ "$bb" ] ],
    [ "r4:2", "bb2:27b.i", "", [ "$bb" ] ],
    [ "r5:1", "bb2:11b.i", "", [ "$bb" ] ],
    [ "r5:2", "bb2:17b.i", "", [ "$bb" ] ],
    [ "r6:1", "bb2:1b.i", "", [ "$bb" ] ],
    [ "r6:2", "bb2:7b.i", "", [ "$bb" ] ],
    [ "led2:A", "bb3:22t.e", "", [ "$bb" ] ],
    [ "led2:C", "bb3:23t.e", "", [ "$bb" ] ],
    [ "led3:A", "bb3:13t.e", "", [ "$bb" ] ],
    [ "led3:C", "bb3:14t.e", "", [ "$bb" ] ],
    [ "r7:1", "bb3:14t.b", "", [ "$bb" ] ],
    [ "r7:2", "bb3:20t.b", "", [ "$bb" ] ],
    [ "r8:1", "bb3:23t.b", "", [ "$bb" ] ],
    [ "r8:2", "bb3:29t.b", "", [ "$bb" ] ],
    [ "oled1:GND", "bb1:12b.g", "", [ "$bb" ] ],
    [ "oled1:VCC", "bb1:11b.g", "", [ "$bb" ] ],
    [ "oled1:SCL", "bb1:10b.g", "", [ "$bb" ] ],
    [ "oled1:SDA", "bb1:9b.g", "", [ "$bb" ] ],
    [ "bb3:tn.8", "bb3:10t.a", "black", [ "v0" ] ],
    [ "r9:1", "bb3:4t.b", "", [ "$bb" ] ],
    [ "r9:2", "bb3:10t.b", "", [ "$bb" ] ],
    [ "bb3:3t.a", "esp:D14", "gold", [ "v-163.2", "h259.2", "v-34.06" ] ],
    [ "led4:A", "bb3:3t.e", "", [ "$bb" ] ],
    [ "led4:C", "bb3:4t.e", "", [ "$bb" ] ],
    [ "bb1:bp.8", "bb1:11b.j", "red", [ "v0" ] ]
  ],
  "dependencies": {}
}