{
  "version": 1,
  "author": "Dineth Perera",
  "editor": "wokwi",
  "parts": [
    { "type": "wokwi-breadboard", "id": "bb1", "top": 179.4, "left": -285.2, "attrs": {} },
    { "type": "wokwi-esp32-devkit-v1", "id": "esp", "top": -33.7, "left": 4.6, "attrs": {} },
    {
      "type": "wokwi-photoresistor-sensor",
      "id": "ldr1",
      "top": 38.1,
      "left": 196.1,
      "rotate": 90,
      "attrs": {}
    },
    {
      "type": "wokwi-photoresistor-sensor",
      "id": "ldr2",
      "top": 38.1,
      "left": -303.1,
      "rotate": 90,
      "attrs": {}
    },
    {
      "type": "wokwi-servo",
      "id": "servo1",
      "top": 236.2,
      "left": -431,
      "rotate": 90,
      "attrs": {}
    },
    {
      "type": "wokwi-dht22",
      "id": "dht1",
      "top": 247.5,
      "left": 121.2,
      "rotate": 180,
      "attrs": { "temperature": "35" }
    },
    {
      "type": "wokwi-buzzer",
      "id": "bz1",
      "top": 249.6,
      "left": 201.6,
      "rotate": 180,
      "attrs": { "volume": "0.1" }
    }
  ],
  "connections": [
    [ "esp:TX0", "$serialMonitor:RX", "", [] ],
    [ "esp:RX0", "$serialMonitor:TX", "", [] ],
    [ "esp:3V3", "bb1:tp.34", "red", [ "v0", "h38.1" ] ],
    [ "esp:GND.1", "bb1:tn.35", "black", [ "h0" ] ],
    [ "bb1:54t.a", "bb1:tn.44", "green", [ "v0" ] ],
    [ "bb1:45t.a", "bb1:tp.36", "red", [ "v0" ] ],
    [ "ldr1:VCC", "bb1:tp.48", "red", [ "v0" ] ],
    [ "ldr1:GND", "bb1:tn.47", "black", [ "v0" ] ],
    [ "ldr2:VCC", "bb1:tp.5", "red", [ "v0" ] ],
    [ "ldr2:GND", "bb1:tn.4", "black", [ "v0" ] ],
    [ "servo1:GND", "bb1:tn.1", "black", [ "v-19.2", "h28.8" ] ],
    [ "servo1:V+", "bb1:tp.1", "red", [ "v0" ] ],
    [ "servo1:PWM", "esp:D26", "orange", [ "v-57.6", "h249.4", "v-115.2" ] ],
    [ "bb1:42t.a", "bb1:tn.34", "green", [ "v0" ] ],
    [ "bb1:53t.a", "esp:D21", "green", [ "v0" ] ],
    [ "bb1:44t.a", "esp:D19", "green", [ "v-153.6", "h0", "v-38.4" ] ],
    [ "ldr2:AO", "esp:D34", "green", [ "v19.2", "h96.7", "v-134.4" ] ],
    [ "ldr1:AO", "esp:D35", "green", [ "v19.2", "h-325.7", "v-124.8" ] ],
    [ "dht1:VCC", "bb1:45t.c", "", [ "$bb" ] ],
    [ "dht1:SDA", "bb1:44t.c", "", [ "$bb" ] ],
    [ "dht1:NC", "bb1:43t.c", "", [ "$bb" ] ],
    [ "dht1:GND", "bb1:42t.c", "", [ "$bb" ] ],
    [ "bz1:1", "bb1:54t.c", "", [ "$bb" ] ],
    [ "bz1:2", "bb1:53t.c", "", [ "$bb" ] ]
  ],
  "dependencies": {}
}